Recommended 중복 제거 그룹,그룹 내 인플루언스,,,,,,,,,,,,,,,,,
33042,1795637122,2132030612,8333460916,7038832024,,,,,,,,,,,,,,
33043,2132030612,7038832024,,,,,,,,,,,,,,,,
33059,4795846663,3082129182,1795637122,8333460916,4008127461,,2132030612,1911523329,,,,,,,,,,
33041,4008127461,2132030612,1911523329,8333460916,,,,,,,,,,,,,,
33044,3211725228,2132030612,1795637122,7038832024,8333460916,,1911523329,,,,,,,,,,,
33047,1911523329,2132030612,1795637122,8333460916,,,,,,,,,,,,,,
33046,1795637122,1911523329,2132030612,8333460916,7038832024,,,,,,,,,,,,,
33057,1795637122,2132030612,7038832024,1911523329,4008127461,,4795846663,8333460916,,,,,,,,,,
33055,8333460916,2132030612,7038832024,,,,,,,,,,,,,,,
33048,1550657001,2132030612,8333460916,3211725228,,,,,,,,,,,,,,
33056,1795637122,2132030612,8333460916,7038832024,,,,,,,,,,,,,,
,,,,,,,,,,,,,,,,,,
,,,,,그룹 내 인플루언스,,,,,,,,,,,,,
Recommended 그룹,id (팔로워),Strength,,인플루언스1, 추천 URL,이미지,인플루언스2,,이미지,인플루언스3,,이미지,인플루언스4,주소,이미지,,,
33042,2679835435,5,,1795637122,https://www.instagram.com/p/CKxFuScpdRS/,,2132030612,https://www.instagram.com/p/CKxFuScpdRS/,,8333460916,https://www.instagram.com/p/CKxPR6qgJYb/,,7038832024,https://www.instagram.com/p/CKvczSUl6jg/,,,,
33042,7445165389,5,,1795637122,https://www.instagram.com/p/CKxFuScpdRS/,,2132030612,,,8333460916,,,7038832024,,,,,
33042,7896482671,5,,1795637122,https://www.instagram.com/p/CKxFuScpdRS/,,2132030612,,,8333460916,https://www.instagram.com/p/CKxPR6qgJYb/,,7038832024,https://www.instagram.com/p/CKvczSUl6jg/,,,,
33042,5388921184,5,추천 구하기,1795637122,,,2132030612,,,8333460916,,,7038832024,,,,,
33042,1962425928,5,,1795637122,,,2132030612,,,8333460916,,,7038832024,,,,,
33042,8429060304,5,,1795637122,,,2132030612,,,8333460916,,,7038832024,,,,,
33042,6776319281,5,,1795637122,,,2132030612,,,8333460916,,,7038832024,,,,,
33042,7473397405,5,,1795637122,,,2132030612,,,8333460916,,,7038832024,,,,,
33042,4538105802,5,,1795637122,,,2132030612,,,8333460916,,,7038832024,,,,,
33043,6566228029,4,,,https://www.instagram.com/p/CKxXZ38HG1D/,,,,,,,,,,,,,
33059,1714071113,4,,,,,,,,,,,,,,,,
33042,5490963524,4,,,,,,,,,,,,,,,,
33042,2116094817,4,,,,,,,,,,,,,,,,
33043,5554539916,4,,,,,,,,,,,,,,,,
33042,5389827609,4,,,,,,,,,,,,,,,,
33059,443603926,4,,,,,,,,,,,,,,,,
33042,1403538244,4,,,,,,,,,,,,,,,,
33041,1512956296,4,,,,,,,,,,,,,,,,
33041,7538560072,4,,,,,,,,,,,,,,,,
33042,10631969271,4,,,,,,,,,,,,,,,,
33059,7941524974,4,,,,,,,,,,,,,,,,
33044,8253578191,4,,,,,,,,,,,,,,,,
33041,1571763652,4,,,,,,,,,,,,,,,,
33042,1377696197,4,,,,,,,,,,,,,,,,
33042,6632248007,4,,,,,,,,,,,,,,,,
33042,53537374,4,,,,,,,,,,,,,,,,
33041,1428324430,4,,,,,,,,,,,,,,,,
33042,5944898615,4,,,,,,,,,,,,,,,,
33047,1212080396,4,,,,,,,,,,,,,,,,
33041,3408691600,4,,,,,,,,,,,,,,,,
33059,1390020866,4,,,,,,,,,,,,,,,,
33059,2503907433,4,,,,,,,,,,,,,,,,
33043,4816586178,4,,,,,,,,,,,,,,,,
33046,2070523354,4,,,,,,,,,,,,,,,,
33041,772043934,4,,,,,,,,,,,,,,,,
33043,1947703893,4,,,,,,,,,,,,,,,,
33044,5512693651,4,,,,,,,,,,,,,,,,
33047,10141841687,4,,,,,,,,,,,,,,,,
33047,4085285962,4,,,,,,,,,,,,,,,,
33042,8205962171,4,,,,,,,,,,,,,,,,
33042,14810525214,3,,,,,,,,,,,,,,,,
33042,1710994282,3,,,,,,,,,,,,,,,,
33042,1098753223,3,,,,,,,,,,,,,,,,
33042,3110848197,3,,,,,,,,,,,,,,,,
33057,220713196,3,,,,,,,,,,,,,,,,
33042,1338105858,3,,,,,,,,,,,,,,,,
33042,9628404940,3,,,,,,,,,,,,,,,,
33041,329452045,3,,,,,,,,,,,,,,,,
33059,4070753344,3,,,,,,,,,,,,,,,,
33059,1835824365,3,,,,,,,,,,,,,,,,
33041,1902722387,3,,,,,,,,,,,,,,,,
33059,556266341,3,,,,,,,,,,,,,,,,
33059,1580951331,3,,,,,,,,,,,,,,,,
33042,3819010313,3,,,,,,,,,,,,,,,,
33055,2370744291,3,,,,,,,,,,,,,,,,
33055,6237954095,3,,,,,,,,,,,,,,,,
33055,2532532298,3,,,,,,,,,,,,,,,,
33042,4979491095,3,,,,,,,,,,,,,,,,
33042,7766982347,3,,,,,,,,,,,,,,,,
33042,1499697869,3,,,,,,,,,,,,,,,,
33042,8612717369,3,,,,,,,,,,,,,,,,
33042,35619840525,3,,,,,,,,,,,,,,,,
33055,6257653008,3,,,,,,,,,,,,,,,,
33055,534461069,3,,,,,,,,,,,,,,,,
33044,4202205498,3,,,,,,,,,,,,,,,,
33041,7582747116,3,,,,,,,,,,,,,,,,
33048,6624120871,3,,,,,,,,,,,,,,,,
33055,3102597483,3,,,,,,,,,,,,,,,,
33055,16985916339,3,,,,,,,,,,,,,,,,
33047,1084264239,3,,,,,,,,,,,,,,,,
33044,5589876811,3,,,,,,,,,,,,,,,,
33041,2445123239,3,,,,,,,,,,,,,,,,
33044,4161615282,3,,,,,,,,,,,,,,,,
33055,4643665757,3,,,,,,,,,,,,,,,,
33044,2040259054,3,,,,,,,,,,,,,,,,
33047,2363636164,3,,,,,,,,,,,,,,,,
33044,5531341035,3,,,,,,,,,,,,,,,,
33047,366182139,3,,,,,,,,,,,,,,,,
33044,5732703,3,,,,,,,,,,,,,,,,
33055,1688811518,3,,,,,,,,,,,,,,,,
33047,1456579558,3,,,,,,,,,,,,,,,,
33044,1948899867,3,,,,,,,,,,,,,,,,
33059,53264454,3,,,,,,,,,,,,,,,,
33044,2154671722,3,,,,,,,,,,,,,,,,
33055,3502861610,3,,,,,,,,,,,,,,,,
33055,3968787239,3,,,,,,,,,,,,,,,,
33048,6303891534,3,,,,,,,,,,,,,,,,
33055,5410631715,3,,,,,,,,,,,,,,,,
33055,1452567393,3,,,,,,,,,,,,,,,,
33046,8043101982,3,,,,,,,,,,,,,,,,
33056,1996694884,3,,,,,,,,,,,,,,,,
33044,1563251877,3,,,,,,,,,,,,,,,,
33055,8375799120,3,,,,,,,,,,,,,,,,
33046,6774768978,3,,,,,,,,,,,,,,,,
33055,1513004281,3,,,,,,,,,,,,,,,,
33047,1438142999,3,,,,,,,,,,,,,,,,
33044,5347674256,3,,,,,,,,,,,,,,,,
33055,5696781118,3,,,,,,,,,,,,,,,,
33055,2090745486,3,,,,,,,,,,,,,,,,
33047,1690079572,3,,,,,,,,,,,,,,,,
